{
    "Modules": {
        "...MASTER...": {
            "start_perf": [
                0.20963811874389648,
                0.13581299999999999,
                0.038514,
                294216,
                294240,
                1749758834.2083311
            ],
            "nQuads": 0,
            "end_perf": [
                0.21715402603149414,
                0.13595499999999999,
                0.04129,
                294228,
                294240
            ],
            "nMops": 0
        },
        "reg_ctrl": {
            "start_perf": [
                0.28920412063598633,
                0.203962,
                0.045317000000000003,
                296412,
                296436,
                1749758834.2878971
            ],
            "Compiled": "Yes",
            "Compiled Times": 62,
            "nQuads": 1409,
            "end_perf": [
                0.30685901641845703,
                0.21976899999999999,
                0.047164999999999999,
                298264,
                298268
            ],
            "nMops": 4129
        },
        "_vcs_unit__2555075540": {
            "start_perf": [
                0.22199010848999023,
                0.13881599999999999,
                0.043254000000000001,
                294244,
                294248,
                1749758834.2206831
            ],
            "Compiled": "Yes",
            "Compiled Times": 62,
            "nQuads": 1605,
            "end_perf": [
                0.2815699577331543,
                0.19634199999999999,
                0.045309000000000002,
                296412,
                296416
            ],
            "nMops": 5215
        },
        "std": {
            "start_perf": [
                0.21729111671447754,
                0.13605200000000001,
                0.041319000000000002,
                294228,
                294240,
                1749758834.2159841
            ],
            "Compiled": "Yes",
            "Compiled Times": 71,
            "nQuads": 221,
            "end_perf": [
                0.2219231128692627,
                0.138765,
                0.043237999999999999,
                294244,
                294248
            ],
            "nMops": 529
        },
        "reg_if": {
            "start_perf": [
                0.28832411766052246,
                0.20308200000000001,
                0.045317000000000003,
                296412,
                296436,
                1749758834.2870171
            ],
            "Compiled": "Yes",
            "Compiled Times": 62,
            "nQuads": 24,
            "end_perf": [
                0.28916406631469727,
                0.20392099999999999,
                0.045317000000000003,
                296412,
                296436
            ],
            "nMops": 62
        },
        "tb": {
            "start_perf": [
                0.28161096572875977,
                0.196376,
                0.045317000000000003,
                296412,
                296416,
                1749758834.280304
            ],
            "Compiled": "Yes",
            "Compiled Times": 62,
            "nQuads": 311,
            "end_perf": [
                0.2882840633392334,
                0.203042,
                0.045317000000000003,
                296412,
                296436
            ],
            "nMops": 1074
        }
    },
    "CompUnits": {
        "g7hgQ_d": {
            "mod": "tb",
            "out": "g7hgQ_d.o",
            "checksum": 0,
            "bytes": 20968,
            "mode": 4,
            "archive": "archive.70/_71789_archive_1.a"
        },
        "rv5RD_d": {
            "mod": "_vcs_unit__2555075540",
            "out": "rv5RD_d.o",
            "checksum": 0,
            "bytes": 194234,
            "mode": 4,
            "archive": "archive.70/_71789_archive_1.a"
        }
    },
    "ObjArchives": [
        {
            "objects": [
                [
                    "rv5RD_d.o",
                    194234
                ],
                [
                    "g7hgQ_d.o",
                    20968
                ],
                [
                    "amcQwB.o",
                    144510
                ]
            ],
            "archive": "archive.70/_71789_archive_1.a",
            "size": 359712
        }
    ],
    "reusePaths": {
        "amcQw_d": {
            "icPath": "csrc"
        },
        "reYIK_d": {
            "icPath": "csrc"
        },
        "UBUut_d": {
            "icPath": "csrc"
        },
        "xC26s_d": {
            "icPath": "csrc"
        }
    },
    "stat": {
        "ru_self_end": {
            "ru_utime_sec": 0.22649,
            "ru_majflt": 0,
            "ru_stime_sec": 0.048533,
            "ru_nivcsw": 185,
            "ru_maxrss_kb": 115672,
            "ru_minflt": 29815,
            "ru_nvcsw": 32
        },
        "ru_childs_end": {
            "ru_utime_sec": 0.080241000000000007,
            "ru_majflt": 0,
            "ru_stime_sec": 0.067587999999999995,
            "ru_nivcsw": 39,
            "ru_maxrss_kb": 56804,
            "ru_minflt": 20432,
            "ru_nvcsw": 49
        },
        "peak_mem_kb": 298288
    }
}